{
  "project_info": {
    "project_number": "429033944236",
    "project_id": "salloon-cdcde",
    "storage_bucket": "salloon-cdcde.appspot.com"
  },
  "client": [
    {
      "client_info": {
        "mobilesdk_app_id": "1:429033944236:android:0b86043fc81dc118c9db09",
        "android_client_info": {
          "package_name": "com.example.saloon_app"
        }
      },
      "oauth_client": [
        {
          "client_id": "429033944236-v55p48652ot39vtrcah4190ca4762esd.apps.googleusercontent.com",
          "client_type": 1,
          "android_info": {
            "package_name": "com.example.saloon_app",
            "certificate_hash": "4bbbba95e92c61b5bca3734a444488d8841d14ca"
          }
        },
        {
          "client_id": "429033944236-c367m9mgd0lbfnkhle9lq850591tpror.apps.googleusercontent.com",
          "client_type": 3
        }
      ],
      "api_key": [
        {
          "current_key": "AIzaSyBxuzK-XjKfW55FTvVlK5ZKmoxriCF4Ckc"
        }
      ],
      "services": {
        "appinvite_service": {
          "other_platform_oauth_client": [
            {
              "client_id": "429033944236-c367m9mgd0lbfnkhle9lq850591tpror.apps.googleusercontent.com",
              "client_type": 3
            }
          ]
        }
      }
    }
  ],
  "configuration_version": "1"
}